"","Package","LibPath","Version","Priority","Depends","Imports","LinkingTo","Suggests","Enhances","License","License_is_FOSS","License_restricts_use","OS_type","MD5sum","NeedsCompilation","Built"
"AnnotationDbi","AnnotationDbi","/Library/Frameworks/R.framework/Versions/3.4/Resources/library","1.40.0",NA,"R (>= 2.7.0), methods, utils, stats4, BiocGenerics (>=
0.23.1), Biobase (>= 1.17.0), IRanges","methods, utils, DBI, RSQLite, stats4, BiocGenerics, Biobase,
S4Vectors (>= 0.9.25), IRanges",NA,"DBI (>= 0.2-4), RSQLite (>= 0.6-4), hgu95av2.db, GO.db,
org.Sc.sgd.db, org.At.tair.db, KEGG.db, RUnit,
TxDb.Hsapiens.UCSC.hg19.knownGene, hom.Hs.inp.db, org.Hs.eg.db,
reactome.db, AnnotationForge, graph, EnsDb.Hsapiens.v75,
BiocStyle, knitr",NA,"Artistic-2.0",NA,NA,NA,NA,"no","3.4.2"
"ape","ape","/Library/Frameworks/R.framework/Versions/3.4/Resources/library","5.1",NA,"R (>= 3.2.0)","nlme, lattice, graphics, methods, stats, tools, utils,
parallel, Rcpp (>= 0.12.0)","Rcpp","gee, expm, igraph",NA,"GPL (>= 2)",NA,NA,NA,NA,"yes","3.4.4"
"assertthat","assertthat","/Library/Frameworks/R.framework/Versions/3.4/Resources/library","0.2.0",NA,NA,"tools",NA,"testthat",NA,"GPL-3",NA,NA,NA,NA,"no","3.4.0"
"backports","backports","/Library/Frameworks/R.framework/Versions/3.4/Resources/library","1.1.2",NA,"R (>= 3.0.0)","utils",NA,NA,NA,"GPL-2",NA,NA,NA,NA,"yes","3.4.3"
"base","base","/Library/Frameworks/R.framework/Versions/3.4/Resources/library","3.4.3","base",NA,NA,NA,"methods",NA,"Part of R 3.4.3",NA,NA,NA,NA,NA,"3.4.3"
"base64enc","base64enc","/Library/Frameworks/R.framework/Versions/3.4/Resources/library","0.1-3",NA,"R (>= 2.9.0)",NA,NA,NA,"png","GPL-2 | GPL-3",NA,NA,NA,NA,"yes","3.4.0"
"beachmat","beachmat","/Library/Frameworks/R.framework/Versions/3.4/Resources/library","1.0.2",NA,"R (>= 3.4)","utils, Rhdf5lib, HDF5Array, DelayedArray, Rcpp (>= 0.12.14),
rhdf5, methods","Rcpp, Rhdf5lib","testthat, BiocStyle, knitr, Matrix",NA,"GPL-3",NA,NA,NA,NA,"yes","3.4.2"
"beeswarm","beeswarm","/Library/Frameworks/R.framework/Versions/3.4/Resources/library","0.2.3",NA,NA,"stats, graphics, grDevices, utils",NA,NA,NA,"Artistic-2.0",NA,NA,NA,NA,"no","3.4.0"
"BH","BH","/Library/Frameworks/R.framework/Versions/3.4/Resources/library","1.65.0-1",NA,NA,NA,NA,NA,NA,"BSL-1.0",NA,NA,NA,NA,"no","3.4.1"
"bindr","bindr","/Library/Frameworks/R.framework/Versions/3.4/Resources/library","0.1",NA,NA,NA,NA,"testthat",NA,"MIT + file LICENSE",NA,NA,NA,NA,"no","3.4.0"
"bindrcpp","bindrcpp","/Library/Frameworks/R.framework/Versions/3.4/Resources/library","0.2",NA,NA,"Rcpp, bindr","Rcpp, plogr","testthat",NA,"MIT + file LICENSE",NA,NA,NA,NA,"yes","3.4.0"
"Biobase","Biobase","/Library/Frameworks/R.framework/Versions/3.4/Resources/library","2.38.0",NA,"R (>= 2.10), BiocGenerics (>= 0.3.2), utils","methods",NA,"tools, tkWidgets, ALL, RUnit, golubEsets",NA,"Artistic-2.0",NA,NA,NA,NA,"yes","3.4.2"
"BiocGenerics","BiocGenerics","/Library/Frameworks/R.framework/Versions/3.4/Resources/library","0.24.0",NA,"methods, utils, graphics, stats, parallel","methods, utils, graphics, stats, parallel",NA,"Biobase, S4Vectors, IRanges, GenomicRanges, AnnotationDbi,
oligoClasses, oligo, affyPLM, flowClust, affy, DESeq2, MSnbase,
annotate, RUnit",NA,"Artistic-2.0",NA,NA,NA,NA,"no","3.4.2"
"BiocInstaller","BiocInstaller","/Library/Frameworks/R.framework/Versions/3.4/Resources/library","1.28.0",NA,"R (>= 3.4.0)",NA,NA,"devtools, RUnit, BiocGenerics",NA,"Artistic-2.0",NA,NA,NA,NA,"no","3.4.2"
"biomaRt","biomaRt","/Library/Frameworks/R.framework/Versions/3.4/Resources/library","2.34.2",NA,"methods","utils, XML, RCurl, AnnotationDbi, progress, stringr, httr",NA,"annotate, BiocStyle, knitr, rmarkdown, testthat",NA,"Artistic-2.0",NA,NA,NA,NA,"no","3.4.3"
"Biostrings","Biostrings","/Library/Frameworks/R.framework/Versions/3.4/Resources/library","2.46.0",NA,"R (>= 2.8.0), methods, BiocGenerics (>= 0.15.6), S4Vectors (>=
0.13.13), IRanges (>= 2.9.18), XVector (>= 0.11.6)","graphics, methods, stats, utils","S4Vectors, IRanges, XVector","BSgenome (>= 1.13.14), BSgenome.Celegans.UCSC.ce2 (>=
1.3.11), BSgenome.Dmelanogaster.UCSC.dm3 (>= 1.3.11),
BSgenome.Hsapiens.UCSC.hg18, drosophila2probe, hgu95av2probe,
hgu133aprobe, GenomicFeatures (>= 1.3.14), hgu95av2cdf, affy
(>= 1.41.3), affydata (>= 1.11.5), RUnit","Rmpi","Artistic-2.0",NA,NA,NA,NA,"yes","3.4.2"
"bit","bit","/Library/Frameworks/R.framework/Versions/3.4/Resources/library","1.1-12",NA,"R (>= 2.9.2)",NA,NA,NA,NA,"GPL-2",NA,NA,NA,NA,"yes","3.4.0"
"bit64","bit64","/Library/Frameworks/R.framework/Versions/3.4/Resources/library","0.9-7",NA,"R (>= 3.0.1), bit (>= 1.1-12), utils, methods, stats",NA,NA,NA,NA,"GPL-2",NA,NA,NA,NA,"yes","3.4.0"
"bitops","bitops","/Library/Frameworks/R.framework/Versions/3.4/Resources/library","1.0-6",NA,NA,NA,NA,NA,NA,"GPL (>= 2)",NA,NA,NA,NA,"yes","3.4.0"
"blob","blob","/Library/Frameworks/R.framework/Versions/3.4/Resources/library","1.1.0",NA,NA,"tibble",NA,"testthat, covr",NA,"GPL-3",NA,NA,NA,NA,"no","3.4.0"
"boot","boot","/Library/Frameworks/R.framework/Versions/3.4/Resources/library","1.3-20","recommended","R (>= 3.0.0), graphics, stats",NA,NA,"MASS, survival",NA,"Unlimited",NA,NA,NA,NA,"no","3.4.3"
"broom","broom","/Library/Frameworks/R.framework/Versions/3.4/Resources/library","0.5.0",NA,"R (>= 3.1)","backports, dplyr, methods, nlme, purrr, reshape2, stringr,
tibble, tidyr",NA,"AER, akima, AUC, bbmle, betareg, biglm, binGroup, boot, brms,
btergm, car, caret, coda, covr, e1071, emmeans, ergm, gam (>=
1.15), gamlss, gamlss.data, gamlss.dist, geepack, ggplot2,
glmnet, gmm, Hmisc, irlba, joineRML, Kendall, knitr, ks,
Lahman, lavaan, lfe, lme4, lmodel2, lmtest, lsmeans, maps,
maptools, MASS, Matrix, mclust, mgcv, muhaz, multcomp, network,
nnet, orcutt (>= 2.2), ordinal, plm, plyr, poLCA, psych,
quantreg, rgeos, rmarkdown, robust, rsample, rstan, rstanarm,
sp, speedglm, statnet.common, survey, survival, testthat,
tseries, xergm, zoo",NA,"MIT + file LICENSE",NA,NA,NA,NA,"no","3.4.3"
"callr","callr","/Library/Frameworks/R.framework/Versions/3.4/Resources/library","3.0.0",NA,NA,"base64enc, processx (>= 3.2.0), R6, utils",NA,"covr, crayon, ps, testthat, withr",NA,"MIT + file LICENSE",NA,NA,NA,NA,"no","3.4.4"
"caTools","caTools","/Library/Frameworks/R.framework/Versions/3.4/Resources/library","1.17.1.1",NA,"R (>= 2.2.0)","bitops",NA,"MASS, rpart",NA,"GPL-3",NA,NA,NA,NA,"yes","3.4.4"
"cellranger","cellranger","/Library/Frameworks/R.framework/Versions/3.4/Resources/library","1.1.0",NA,"R (>= 3.0.0)","rematch, tibble",NA,"covr, testthat (>= 1.0.0), knitr, rmarkdown",NA,"MIT + file LICENSE",NA,NA,NA,NA,"no","3.4.0"
"circlize","circlize","/Library/Frameworks/R.framework/Versions/3.4/Resources/library","0.4.3",NA,"R (>= 3.0.0), graphics","GlobalOptions (>= 0.0.12), shape, grDevices, utils, stats,
colorspace, methods, grid",NA,"knitr, dendextend (>= 1.0.1), ComplexHeatmap (>= 1.13.2),
gridBase, png",NA,"GPL (>= 2)",NA,NA,NA,NA,"no","3.4.3"
"class","class","/Library/Frameworks/R.framework/Versions/3.4/Resources/library","7.3-14","recommended","R (>= 3.0.0), stats, utils","MASS",NA,NA,NA,"GPL-2 | GPL-3",NA,NA,NA,NA,"yes","3.4.3"
"cli","cli","/Library/Frameworks/R.framework/Versions/3.4/Resources/library","1.0.0",NA,"R (>= 2.10)","assertthat, crayon, methods",NA,"covr, mockery, testthat, withr",NA,"MIT + file LICENSE",NA,NA,NA,NA,"no","3.4.2"
"clipr","clipr","/Library/Frameworks/R.framework/Versions/3.4/Resources/library","0.4.1",NA,NA,"utils",NA,"rstudioapi (>= 0.5), testthat, covr",NA,"GPL-3",NA,NA,NA,NA,"no","3.4.4"
"clisymbols","clisymbols","/Library/Frameworks/R.framework/Versions/3.4/Resources/library","1.2.0",NA,NA,NA,NA,"testthat",NA,"MIT + file LICENSE",NA,NA,NA,NA,"no","3.4.0"
"cluster","cluster","/Library/Frameworks/R.framework/Versions/3.4/Resources/library","2.0.6","recommended","R (>= 3.0.1)","graphics, grDevices, stats, utils",NA,"MASS",NA,"GPL (>= 2)",NA,NA,NA,NA,"yes","3.4.3"
"codetools","codetools","/Library/Frameworks/R.framework/Versions/3.4/Resources/library","0.2-15","recommended","R (>= 2.1)",NA,NA,NA,NA,"GPL",NA,NA,NA,NA,"no","3.4.3"
"colorspace","colorspace","/Library/Frameworks/R.framework/Versions/3.4/Resources/library","1.3-2",NA,"R (>= 2.13.0), methods","graphics, grDevices",NA,"datasets, stats, utils, KernSmooth, MASS, kernlab, mvtnorm,
vcd, dichromat, tcltk, shiny, shinyjs",NA,"BSD_3_clause + file LICENSE",NA,NA,NA,NA,"yes","3.4.0"
"compiler","compiler","/Library/Frameworks/R.framework/Versions/3.4/Resources/library","3.4.3","base",NA,NA,NA,NA,NA,"Part of R 3.4.3",NA,NA,NA,NA,NA,"3.4.3"
"crayon","crayon","/Library/Frameworks/R.framework/Versions/3.4/Resources/library","1.3.4",NA,NA,"grDevices, methods, utils",NA,"mockery, rstudioapi, testthat, withr",NA,"MIT + file LICENSE",NA,NA,NA,NA,"no","3.4.1"
"crosstalk","crosstalk","/Library/Frameworks/R.framework/Versions/3.4/Resources/library","1.0.0",NA,NA,"htmltools (>= 0.3.5), jsonlite, lazyeval, R6, shiny (>= 0.11),
ggplot2",NA,NA,NA,"MIT + file LICENSE",NA,NA,NA,NA,"no","3.4.0"
"curl","curl","/Library/Frameworks/R.framework/Versions/3.4/Resources/library","3.1",NA,"R (>= 3.0.0)",NA,NA,"testthat (>= 1.0.0), knitr, jsonlite, rmarkdown, magrittr,
httpuv, webutils",NA,"MIT + file LICENSE",NA,NA,NA,NA,"yes","3.4.3"
"data.table","data.table","/Library/Frameworks/R.framework/Versions/3.4/Resources/library","1.10.4-3",NA,"R (>= 3.0.0)","methods",NA,"bit64, knitr, nanotime, chron, ggplot2 (>= 0.9.0), plyr,
reshape, reshape2, testthat (>= 0.4), hexbin, fastmatch, nlme,
xts, gdata, GenomicRanges, caret, curl, zoo, plm, rmarkdown,
parallel",NA,"GPL-3 | file LICENSE",NA,NA,NA,NA,"yes","3.4.2"
"datasets","datasets","/Library/Frameworks/R.framework/Versions/3.4/Resources/library","3.4.3","base",NA,NA,NA,NA,NA,"Part of R 3.4.3",NA,NA,NA,NA,NA,"3.4.3"
"DBI","DBI","/Library/Frameworks/R.framework/Versions/3.4/Resources/library","0.7",NA,"R (>= 3.0.0), methods",NA,NA,"blob, covr, hms, knitr, magrittr, rprojroot, rmarkdown,
RSQLite (>= 1.1-2), testthat, xml2",NA,"LGPL (>= 2)",NA,NA,NA,NA,"no","3.4.0"
"dbplyr","dbplyr","/Library/Frameworks/R.framework/Versions/3.4/Resources/library","1.2.2",NA,"R (>= 3.2)","assertthat (>= 0.2.0), DBI (>= 0.7), dplyr (>= 0.7.4), glue
(>= 1.2.0), methods, purrr (>= 0.2.4), R6 (>= 2.2.2), rlang (>=
0.1.6), tibble (>= 1.4.1), tidyselect (>= 0.2.2), utils",NA,"bit64, covr, knitr, Lahman (>= 5.0.0), nycflights13 (>=
0.2.2), rmarkdown, RMariaDB (>= 1.0.2), RMySQL (>= 0.10.11),
RPostgreSQL (>= 0.4.1), RSQLite (>= 2.0), testthat (>= 2.0.0),
withr",NA,"MIT + file LICENSE",NA,NA,NA,NA,"no","3.4.4"
"DelayedArray","DelayedArray","/Library/Frameworks/R.framework/Versions/3.4/Resources/library","0.4.1",NA,"R (>= 3.4), methods, matrixStats, BiocGenerics, S4Vectors (>=
0.15.3), IRanges (>= 2.11.17)","stats",NA,"Matrix, HDF5Array, genefilter, SummarizedExperiment, airway,
pryr, knitr, BiocStyle",NA,"Artistic-2.0",NA,NA,NA,NA,"no","3.4.2"
"desc","desc","/Library/Frameworks/R.framework/Versions/3.4/Resources/library","1.2.0",NA,"R (>= 3.1.0)","assertthat, utils, R6, crayon, rprojroot",NA,"covr, testthat, whoami, withr",NA,"MIT + file LICENSE",NA,NA,NA,NA,"no","3.4.4"
"devtools","devtools","/Library/Frameworks/R.framework/Versions/3.4/Resources/library","1.13.6",NA,"R (>= 3.0.2)","httr (>= 0.4), utils, tools, methods, memoise (>= 1.0.0),
whisker, digest, rstudioapi (>= 0.2.0), jsonlite, stats, git2r
(>= 0.11.0), withr",NA,"curl (>= 0.9), crayon, testthat (>= 1.0.2), BiocInstaller,
Rcpp (>= 0.10.0), MASS, rmarkdown, knitr, hunspell (>= 2.0),
lintr (>= 0.2.1), bitops, roxygen2 (>= 5.0.0), evaluate,
rversions, covr, gmailr (> 0.7.0)",NA,"GPL (>= 2)",NA,NA,NA,NA,"no","3.4.4"
"dichromat","dichromat","/Library/Frameworks/R.framework/Versions/3.4/Resources/library","2.0-0",NA,"R (>= 2.10), stats",NA,NA,NA,NA,"GPL-2",NA,NA,NA,NA,NA,"3.4.0"
"digest","digest","/Library/Frameworks/R.framework/Versions/3.4/Resources/library","0.6.15",NA,"R (>= 2.4.1)",NA,NA,"knitr, rmarkdown",NA,"GPL (>= 2)",NA,NA,NA,NA,"yes","3.4.3"
"dplyr","dplyr","/Library/Frameworks/R.framework/Versions/3.4/Resources/library","0.7.4",NA,"R (>= 3.1.2)","assertthat, bindrcpp (>= 0.2), glue (>= 1.1.1), magrittr,
methods, pkgconfig, rlang (>= 0.1.2), R6, Rcpp (>= 0.12.7),
tibble (>= 1.3.1), utils","Rcpp (>= 0.12.0), BH (>= 1.58.0-1), bindrcpp, plogr","bit64, covr, dbplyr, dtplyr, DBI, ggplot2, hms, knitr, Lahman
(>= 3.0-1), mgcv, microbenchmark, nycflights13, rmarkdown,
RMySQL, RPostgreSQL, RSQLite, testthat, withr",NA,"MIT + file LICENSE",NA,NA,NA,NA,"yes","3.4.2"
"edgeR","edgeR","/Library/Frameworks/R.framework/Versions/3.4/Resources/library","3.20.8",NA,"R (>= 2.15.0), limma (>= 3.34.5)","graphics, stats, utils, methods, locfit, Rcpp","Rcpp","AnnotationDbi, org.Hs.eg.db, splines",NA,"GPL (>=2)",NA,NA,NA,NA,"yes","3.4.3"
"enc","enc","/Library/Frameworks/R.framework/Versions/3.4/Resources/library","0.2.0",NA,"R (>= 3.1)","methods",NA,"digest, pillar, readr, rlang, testthat, withr",NA,"GPL-3",NA,NA,NA,NA,"yes","3.4.3"
"evaluate","evaluate","/Library/Frameworks/R.framework/Versions/3.4/Resources/library","0.11",NA,"R (>= 3.0.2)","methods, stringr (>= 0.6.2)",NA,"testthat, lattice, ggplot2",NA,"MIT + file LICENSE",NA,NA,NA,NA,"no","3.4.4"
"fastmatch","fastmatch","/Library/Frameworks/R.framework/Versions/3.4/Resources/library","1.1-0",NA,NA,NA,NA,NA,NA,"GPL-2",NA,NA,NA,NA,"yes","3.4.0"
"forcats","forcats","/Library/Frameworks/R.framework/Versions/3.4/Resources/library","0.3.0",NA,"R (>= 3.1)","magrittr, rlang, tibble",NA,"covr, ggplot2, testthat",NA,"GPL-3",NA,NA,NA,NA,"no","3.4.3"
"foreign","foreign","/Library/Frameworks/R.framework/Versions/3.4/Resources/library","0.8-69","recommended","R (>= 3.0.0)","methods, utils, stats",NA,NA,NA,"GPL (>= 2)",NA,NA,NA,NA,"yes","3.4.3"
"fs","fs","/Library/Frameworks/R.framework/Versions/3.4/Resources/library","1.2.6",NA,"R (>= 3.1)","methods, Rcpp","Rcpp","testthat, covr, pillar (>= 1.0.0), crayon, withr",NA,"GPL-3",NA,NA,NA,NA,"yes","3.4.4"
"futile.logger","futile.logger","/Library/Frameworks/R.framework/Versions/3.4/Resources/library","1.4.3",NA,"R (>= 3.0.0)","utils, lambda.r (>= 1.1.0), futile.options",NA,"testthat, jsonlite",NA,"LGPL-3",NA,NA,NA,NA,"no","3.4.0"
"futile.options","futile.options","/Library/Frameworks/R.framework/Versions/3.4/Resources/library","1.0.0",NA,"R (>= 2.8.0)",NA,NA,NA,NA,"LGPL-3",NA,NA,NA,NA,NA,"3.4.0"
"GenomeInfoDb","GenomeInfoDb","/Library/Frameworks/R.framework/Versions/3.4/Resources/library","1.14.0",NA,"R (>= 3.1), methods, BiocGenerics (>= 0.13.8), S4Vectors (>=
0.9.25), IRanges (>= 1.99.26)","stats, stats4, utils, RCurl, GenomeInfoDbData",NA,"GenomicRanges, Rsamtools, GenomicAlignments, BSgenome,
GenomicFeatures, BSgenome.Scerevisiae.UCSC.sacCer2,
BSgenome.Celegans.UCSC.ce2, BSgenome.Hsapiens.NCBI.GRCh38,
TxDb.Dmelanogaster.UCSC.dm3.ensGene, RUnit, BiocStyle, knitr",NA,"Artistic-2.0",NA,NA,NA,NA,"no","3.4.2"
"GenomeInfoDbData","GenomeInfoDbData","/Library/Frameworks/R.framework/Versions/3.4/Resources/library","1.0.0",NA,"R (>= 3.3)",NA,NA,NA,NA,"Artistic-2.0",NA,NA,NA,NA,"no","3.4.3"
"GenomicRanges","GenomicRanges","/Library/Frameworks/R.framework/Versions/3.4/Resources/library","1.30.1",NA,"R (>= 2.10), methods, stats4, BiocGenerics (>= 0.21.2),
S4Vectors (>= 0.9.47), IRanges (>= 2.11.16), GenomeInfoDb (>=
1.13.1)","utils, stats, XVector","S4Vectors, IRanges","Biobase, AnnotationDbi (>= 1.21.1), annotate, Biostrings (>=
2.25.3), Rsamtools (>= 1.13.53), SummarizedExperiment (>=
0.1.5), Matrix, GenomicAlignments, rtracklayer, BSgenome,
GenomicFeatures, Gviz, VariantAnnotation, AnnotationHub,
DESeq2, DEXSeq, edgeR, KEGGgraph, BiocStyle, digest, RUnit,
BSgenome.Hsapiens.UCSC.hg19, BSgenome.Scerevisiae.UCSC.sacCer2,
KEGG.db, hgu95av2.db, org.Hs.eg.db, org.Mm.eg.db,
org.Sc.sgd.db, pasilla, pasillaBamSubset,
TxDb.Athaliana.BioMart.plantsmart22,
TxDb.Dmelanogaster.UCSC.dm3.ensGene,
TxDb.Hsapiens.UCSC.hg19.knownGene,
BSgenome.Mmusculus.UCSC.mm10,
TxDb.Mmusculus.UCSC.mm10.knownGene,
RNAseqData.HNRNPC.bam.chr14, hgu95av2probe",NA,"Artistic-2.0",NA,NA,NA,NA,"yes","3.4.3"
"ggbeeswarm","ggbeeswarm","/Library/Frameworks/R.framework/Versions/3.4/Resources/library","0.6.0",NA,"R (>= 3.0.0), ggplot2 (>= 2.0)","beeswarm, vipor",NA,"gridExtra",NA,"GPL (>= 2)",NA,NA,NA,NA,"no","3.4.1"
"ggplot2","ggplot2","/Library/Frameworks/R.framework/Versions/3.4/Resources/library","2.2.1",NA,"R (>= 3.1)","digest, grid, gtable (>= 0.1.1), MASS, plyr (>= 1.7.1),
reshape2, scales (>= 0.4.1), stats, tibble, lazyeval",NA,"covr, ggplot2movies, hexbin, Hmisc, lattice, mapproj, maps,
maptools, mgcv, multcomp, nlme, testthat (>= 0.11.0), quantreg,
knitr, rpart, rmarkdown, svglite","sp","GPL-2 | file LICENSE",NA,NA,NA,NA,"no","3.4.0"
"ggrepel","ggrepel","/Library/Frameworks/R.framework/Versions/3.4/Resources/library","0.7.0",NA,"R (>= 3.0.0), ggplot2 (>= 2.2.0)","grid, Rcpp, scales (>= 0.3.0)","Rcpp","knitr, rmarkdown, testthat",NA,"GPL-3 | file LICENSE",NA,NA,NA,NA,"yes","3.4.2"
"ggtree","ggtree","/Library/Frameworks/R.framework/Versions/3.4/Resources/library","1.10.5",NA,"R (>= 3.3.2), ggplot2 (>= 2.2.0), treeio","ape, grDevices, grid, magrittr, methods, rvcheck, scales,
tidyr, utils",NA,"Biostrings, colorspace, EBImage, emojifont, knitr, prettydoc,
rmarkdown, testthat",NA,"Artistic-2.0",NA,NA,NA,NA,"no","3.4.3"
"gh","gh","/Library/Frameworks/R.framework/Versions/3.4/Resources/library","1.0.1",NA,NA,"ini, jsonlite, httr",NA,"covr, pingr, testthat",NA,"MIT + file LICENSE",NA,NA,NA,NA,"no","3.4.1"
"git2r","git2r","/Library/Frameworks/R.framework/Versions/3.4/Resources/library","0.23.0",NA,"R (>= 3.1)","graphics, utils",NA,"getPass",NA,"GPL-2",NA,NA,NA,NA,"yes","3.4.4"
"GlobalOptions","GlobalOptions","/Library/Frameworks/R.framework/Versions/3.4/Resources/library","0.0.13",NA,"R (>= 3.3.0), methods",NA,NA,"testthat (>= 1.0.0), knitr, markdown",NA,"GPL (>= 2)",NA,NA,NA,NA,"no","3.4.4"
"glue","glue","/Library/Frameworks/R.framework/Versions/3.4/Resources/library","1.2.0",NA,"R (>= 3.1)","methods",NA,"testthat, covr, magrittr, crayon, knitr, rmarkdown, DBI,
RSQLite, R.utils, forcats, microbenchmark, rprintf, stringr,
ggplot2",NA,"MIT + file LICENSE",NA,NA,NA,NA,"yes","3.4.2"
"graphics","graphics","/Library/Frameworks/R.framework/Versions/3.4/Resources/library","3.4.3","base",NA,"grDevices",NA,NA,NA,"Part of R 3.4.3",NA,NA,NA,NA,"yes","3.4.3"
"grDevices","grDevices","/Library/Frameworks/R.framework/Versions/3.4/Resources/library","3.4.3","base",NA,NA,NA,"KernSmooth",NA,"Part of R 3.4.3",NA,NA,NA,NA,"yes","3.4.3"
"grid","grid","/Library/Frameworks/R.framework/Versions/3.4/Resources/library","3.4.3","base",NA,"grDevices, utils",NA,"lattice",NA,"Part of R 3.4.3",NA,NA,NA,NA,"yes","3.4.3"
"gridExtra","gridExtra","/Library/Frameworks/R.framework/Versions/3.4/Resources/library","2.3",NA,NA,"gtable, grid, grDevices, graphics, utils",NA,"ggplot2, egg, lattice, knitr, testthat",NA,"GPL (>= 2)",NA,NA,NA,NA,"no","3.4.1"
"gtable","gtable","/Library/Frameworks/R.framework/Versions/3.4/Resources/library","0.2.0",NA,"R (>= 2.14)","grid",NA,"testthat, covr",NA,"GPL-2",NA,NA,NA,NA,"no","3.4.0"
"haven","haven","/Library/Frameworks/R.framework/Versions/3.4/Resources/library","1.1.2",NA,"R (>= 3.1)","forcats (>= 0.2.0), hms, Rcpp (>= 0.11.4), readr (>= 0.1.0),
tibble","Rcpp","covr, fs, knitr, rmarkdown, testthat",NA,"MIT + file LICENSE",NA,NA,NA,NA,"yes","3.4.4"
"HDF5Array","HDF5Array","/Library/Frameworks/R.framework/Versions/3.4/Resources/library","1.6.0",NA,"R (>= 3.4), methods, DelayedArray (>= 0.3.18), rhdf5","utils, tools, BiocGenerics, S4Vectors, IRanges",NA,"h5vcData, SummarizedExperiment (>= 1.5.6), GenomicRanges,
BiocStyle",NA,"Artistic-2.0",NA,NA,NA,NA,"no","3.4.2"
"here","here","/Library/Frameworks/R.framework/Versions/3.4/Resources/library","0.1",NA,NA,"rprojroot (>= 1.2)",NA,NA,NA,"GPL-3",NA,NA,NA,NA,"no","3.4.0"
"hexbin","hexbin","/Library/Frameworks/R.framework/Versions/3.4/Resources/library","1.27.2",NA,"R (>= 2.0.1), methods","lattice, grid, graphics, grDevices, stats, utils",NA,"marray, affy, Biobase, limma",NA,"GPL-2",NA,NA,NA,NA,"yes","3.4.3"
"highr","highr","/Library/Frameworks/R.framework/Versions/3.4/Resources/library","0.7",NA,"R (>= 3.0.2)",NA,NA,"knitr, testit",NA,"GPL",NA,NA,NA,NA,"no","3.4.4"
"hms","hms","/Library/Frameworks/R.framework/Versions/3.4/Resources/library","0.4.2",NA,NA,"methods, pkgconfig, rlang",NA,"crayon, lubridate, pillar (>= 1.1.0), testthat",NA,"GPL-3",NA,NA,NA,NA,"no","3.4.4"
"htmltools","htmltools","/Library/Frameworks/R.framework/Versions/3.4/Resources/library","0.3.6",NA,"R (>= 2.14.1)","utils, digest, Rcpp","Rcpp","markdown, testthat","knitr","GPL (>= 2)",NA,NA,NA,NA,"yes","3.4.0"
"htmlwidgets","htmlwidgets","/Library/Frameworks/R.framework/Versions/3.4/Resources/library","1.0",NA,NA,"htmltools (>= 0.3), jsonlite (>= 0.9.16), yaml",NA,"knitr (>= 1.8)","shiny (>= 0.12)","MIT + file LICENSE",NA,NA,NA,NA,"no","3.4.3"
"httpuv","httpuv","/Library/Frameworks/R.framework/Versions/3.4/Resources/library","1.3.5",NA,"R (>= 2.15.1), methods","Rcpp (>= 0.11.0), utils","Rcpp",NA,NA,"GPL-3 | file LICENSE",NA,NA,NA,NA,"yes","3.4.1"
"httr","httr","/Library/Frameworks/R.framework/Versions/3.4/Resources/library","1.3.1",NA,"R (>= 3.0.0)","jsonlite, mime, curl (>= 0.9.1), openssl (>= 0.8), R6",NA,"httpuv, jpeg, knitr, png, testthat (>= 0.8.0), readr, xml2,
rmarkdown, covr",NA,"MIT + file LICENSE",NA,NA,NA,NA,"no","3.4.1"
"igraph","igraph","/Library/Frameworks/R.framework/Versions/3.4/Resources/library","1.2.1",NA,"methods","graphics, grDevices, magrittr, Matrix, pkgconfig (>= 2.0.0),
stats, utils",NA,"ape, graph, igraphdata, rgl, scales, stats4, tcltk, testthat",NA,"GPL (>= 2)",NA,NA,NA,NA,"yes","3.4.4"
"ineq","ineq","/Library/Frameworks/R.framework/Versions/3.4/Resources/library","0.2-13",NA,"R (>= 2.10.0)","stats, graphics, grDevices",NA,NA,NA,"GPL-2 | GPL-3",NA,NA,NA,NA,"no","3.4.0"
"ini","ini","/Library/Frameworks/R.framework/Versions/3.4/Resources/library","0.3.1",NA,NA,NA,NA,"testthat",NA,"GPL-3",NA,NA,NA,NA,"no","3.4.4"
"IRanges","IRanges","/Library/Frameworks/R.framework/Versions/3.4/Resources/library","2.12.0",NA,"R (>= 3.1.0), methods, utils, stats, BiocGenerics (>= 0.23.3),
S4Vectors (>= 0.15.5)","stats4","S4Vectors","XVector, GenomicRanges, Rsamtools, GenomicAlignments,
GenomicFeatures, BSgenome.Celegans.UCSC.ce2, pasillaBamSubset,
RUnit",NA,"Artistic-2.0",NA,NA,NA,NA,"yes","3.4.2"
"jsonlite","jsonlite","/Library/Frameworks/R.framework/Versions/3.4/Resources/library","1.5",NA,"methods",NA,NA,"httr, curl, plyr, testthat, knitr, rmarkdown, R.rsp, sp",NA,"MIT + file LICENSE",NA,NA,NA,NA,"yes","3.4.0"
"KernSmooth","KernSmooth","/Library/Frameworks/R.framework/Versions/3.4/Resources/library","2.23-15","recommended","R (>= 2.5.0), stats",NA,NA,"MASS",NA,"Unlimited",NA,NA,NA,NA,"yes","3.4.3"
"knitr","knitr","/Library/Frameworks/R.framework/Versions/3.4/Resources/library","1.20",NA,"R (>= 3.1.0)","evaluate (>= 0.10), highr, markdown, stringr (>= 0.6), yaml,
methods, tools",NA,"formatR, testit, digest, rgl (>= 0.95.1201), codetools,
rmarkdown, htmlwidgets (>= 0.7), webshot, tikzDevice (>= 0.10),
tinytex, xfun, reticulate (>= 1.4), JuliaCall (>= 0.11.1), png,
jpeg, xml2, httr, DBI (>= 0.4-1), showtext, tibble",NA,"GPL",NA,NA,NA,NA,"no","3.4.3"
"labeling","labeling","/Library/Frameworks/R.framework/Versions/3.4/Resources/library","0.3",NA,NA,NA,NA,NA,NA,"MIT + file LICENSE | Unlimited",NA,NA,NA,NA,"no","3.4.0"
"lambda.r","lambda.r","/Library/Frameworks/R.framework/Versions/3.4/Resources/library","1.2",NA,"R (>= 3.0.0)",NA,NA,"RUnit",NA,"LGPL-3",NA,NA,NA,NA,"no","3.4.1"
"lattice","lattice","/Library/Frameworks/R.framework/Versions/3.4/Resources/library","0.20-35","recommended","R (>= 3.0.0)","grid, grDevices, graphics, stats, utils",NA,"KernSmooth, MASS, latticeExtra","chron","GPL (>= 2)",NA,NA,NA,NA,"yes","3.4.3"
"lazyeval","lazyeval","/Library/Frameworks/R.framework/Versions/3.4/Resources/library","0.2.1",NA,"R (>= 3.1.0)",NA,NA,"knitr, rmarkdown (>= 0.2.65), testthat, covr",NA,"GPL-3",NA,NA,NA,NA,"yes","3.4.2"
"limma","limma","/Library/Frameworks/R.framework/Versions/3.4/Resources/library","3.34.8",NA,"R (>= 2.3.0)","grDevices, graphics, stats, utils, methods",NA,"affy, AnnotationDbi, BiasedUrn, Biobase, ellipse, GO.db,
gplots, illuminaio, locfit, MASS, org.Hs.eg.db, splines,
statmod (>= 1.2.2), vsn",NA,"GPL (>=2)",NA,NA,NA,NA,"yes","3.4.3"
"locfit","locfit","/Library/Frameworks/R.framework/Versions/3.4/Resources/library","1.5-9.1",NA,"R (>= 2.0.1)","lattice",NA,"akima, gam",NA,"GPL (>= 2)",NA,NA,NA,NA,"yes","3.4.0"
"lubridate","lubridate","/Library/Frameworks/R.framework/Versions/3.4/Resources/library","1.7.4",NA,"methods, R (>= 3.0.0)","stringr, Rcpp (>= 0.12.13),","Rcpp,","testthat, knitr, covr","chron, fts, timeSeries, timeDate, tis, tseries, xts, zoo","GPL (>= 2)",NA,NA,NA,NA,"yes","3.4.4"
"LymphoSeq","LymphoSeq","/Library/Frameworks/R.framework/Versions/3.4/Resources/library","1.6.0",NA,"R (>= 3.3), LymphoSeqDB","data.table, plyr, dplyr, reshape, VennDiagram, ggplot2, ineq,
RColorBrewer, circlize, grid, utils, stats, ggtree, msa,
Biostrings, phangorn, stringdist, UpSetR",NA,"knitr, pheatmap, wordcloud, rmarkdown",NA,"Artistic-2.0",NA,NA,NA,NA,"no","3.4.2"
"LymphoSeqDB","LymphoSeqDB","/Library/Frameworks/R.framework/Versions/3.4/Resources/library","0.99.2",NA,"R (>= 3.2)","",NA,NA,NA,"Artistic-2.0",NA,NA,NA,NA,"no","3.4.3"
"magrittr","magrittr","/Library/Frameworks/R.framework/Versions/3.4/Resources/library","1.5",NA,NA,NA,NA,"testthat, knitr",NA,"MIT + file LICENSE",NA,NA,NA,NA,"no","3.4.0"
"markdown","markdown","/Library/Frameworks/R.framework/Versions/3.4/Resources/library","0.8",NA,"R (>= 2.11.1)","utils, mime (>= 0.3)",NA,"knitr, RCurl",NA,"GPL-2",NA,NA,NA,NA,"yes","3.4.0"
"MASS","MASS","/Library/Frameworks/R.framework/Versions/3.4/Resources/library","7.3-48","recommended","R (>= 3.1.0), grDevices, graphics, stats, utils","methods",NA,"lattice, nlme, nnet, survival",NA,"GPL-2 | GPL-3",NA,NA,NA,NA,"yes","3.4.3"
"Matrix","Matrix","/Library/Frameworks/R.framework/Versions/3.4/Resources/library","1.2-12","recommended","R (>= 3.0.1)","methods, graphics, grid, stats, utils, lattice",NA,"expm, MASS","MatrixModels, graph, SparseM, sfsmisc","GPL (>= 2) | file LICENCE",NA,NA,NA,NA,"yes","3.4.3"
"matrixStats","matrixStats","/Library/Frameworks/R.framework/Versions/3.4/Resources/library","0.53.1",NA,"R (>= 2.12.0)",NA,NA,"base64enc, ggplot2, knitr, microbenchmark, R.devices, R.rsp",NA,"Artistic-2.0",NA,NA,NA,NA,"yes","3.4.3"
"memoise","memoise","/Library/Frameworks/R.framework/Versions/3.4/Resources/library","1.1.0",NA,NA,"digest (>= 0.6.3)",NA,"testthat, aws.s3, httr, covr",NA,"MIT + file LICENSE",NA,NA,NA,NA,"no","3.4.0"
"methods","methods","/Library/Frameworks/R.framework/Versions/3.4/Resources/library","3.4.3","base",NA,"utils, stats",NA,"codetools",NA,"Part of R 3.4.3",NA,NA,NA,NA,"yes","3.4.3"
"mgcv","mgcv","/Library/Frameworks/R.framework/Versions/3.4/Resources/library","1.8-23","recommended","R (>= 2.14.0), nlme (>= 3.1-64)","methods, stats, graphics, Matrix",NA,"splines, parallel, survival, MASS",NA,"GPL (>= 2)",NA,NA,NA,NA,"yes","3.4.3"
"mime","mime","/Library/Frameworks/R.framework/Versions/3.4/Resources/library","0.5",NA,NA,"tools",NA,NA,NA,"GPL",NA,NA,NA,NA,"yes","3.4.0"
"modelr","modelr","/Library/Frameworks/R.framework/Versions/3.4/Resources/library","0.1.2",NA,"R (>= 3.1)","broom, dplyr, magrittr, purrr (>= 0.2.2), tibble, tidyr (>=
0.8.0), rlang (>= 0.2.0)",NA,"compiler, covr, ggplot2, testthat",NA,"GPL-3",NA,NA,NA,NA,"no","3.4.4"
"msa","msa","/Library/Frameworks/R.framework/Versions/3.4/Resources/library","1.10.0",NA,"R (>= 3.1.0), methods, Biostrings (>= 2.40.0)","Rcpp (>= 0.11.1), BiocGenerics, IRanges (>= 1.20.0),
S4Vectors, tools","Rcpp","Biobase, knitr, seqinr, ape, phangorn",NA,"GPL (>= 2)",NA,NA,NA,NA,"yes","3.4.2"
"munsell","munsell","/Library/Frameworks/R.framework/Versions/3.4/Resources/library","0.4.3",NA,NA,"colorspace, methods",NA,"ggplot2, testthat",NA,"MIT + file LICENSE",NA,NA,NA,NA,"no","3.4.0"
"nlme","nlme","/Library/Frameworks/R.framework/Versions/3.4/Resources/library","3.1-131","recommended","R (>= 3.0.2)","graphics, stats, utils, lattice",NA,"Hmisc, MASS",NA,"GPL (>= 2) | file LICENCE",NA,NA,NA,NA,"yes","3.4.3"
"nnet","nnet","/Library/Frameworks/R.framework/Versions/3.4/Resources/library","7.3-12","recommended","R (>= 2.14.0), stats, utils",NA,NA,"MASS",NA,"GPL-2 | GPL-3",NA,NA,NA,NA,"yes","3.4.3"
"openssl","openssl","/Library/Frameworks/R.framework/Versions/3.4/Resources/library","1.0",NA,NA,NA,NA,"testthat, digest, knitr, rmarkdown, jsonlite, jose",NA,"MIT + file LICENSE",NA,NA,NA,NA,"yes","3.4.3"
"parallel","parallel","/Library/Frameworks/R.framework/Versions/3.4/Resources/library","3.4.3","base",NA,"tools, compiler",NA,"methods","snow, nws, Rmpi","Part of R 3.4.3",NA,NA,NA,NA,"yes","3.4.3"
"Peptides","Peptides","/Library/Frameworks/R.framework/Versions/3.4/Resources/library","2.3",NA,NA,"Rcpp","Rcpp","testthat",NA,"GPL-2",NA,NA,NA,NA,"yes","3.4.4"
"phangorn","phangorn","/Library/Frameworks/R.framework/Versions/3.4/Resources/library","2.4.0",NA,"R (>= 3.2.0), ape (>= 5.0)","quadprog, igraph (>= 1.0), Matrix, parallel, methods, utils,
stats, graphics, grDevices, fastmatch, magrittr, Rcpp (>=
0.12.0)","Rcpp","testthat, seqinr, xtable, rgl, knitr, rmarkdown, Biostrings",NA,"GPL (>= 2)",NA,NA,NA,NA,"yes","3.4.3"
"pheatmap","pheatmap","/Library/Frameworks/R.framework/Versions/3.4/Resources/library","1.0.10",NA,"R (>= 2.0)","grid, RColorBrewer, scales, gtable, stats, grDevices, graphics",NA,NA,NA,"GPL-2",NA,NA,NA,NA,"no","3.4.4"
"pillar","pillar","/Library/Frameworks/R.framework/Versions/3.4/Resources/library","1.1.0",NA,NA,"cli, crayon (>= 1.3.4), methods, rlang, utf8 (>= 1.1.3)",NA,"knitr, testthat (>= 2.0.0)",NA,"GPL-3",NA,NA,NA,NA,"no","3.4.3"
"pkgconfig","pkgconfig","/Library/Frameworks/R.framework/Versions/3.4/Resources/library","2.0.1",NA,NA,"utils",NA,"covr, testthat, disposables (>= 1.0.3)",NA,"MIT + file LICENSE",NA,NA,NA,NA,"no","3.4.0"
"plogr","plogr","/Library/Frameworks/R.framework/Versions/3.4/Resources/library","0.1-1",NA,NA,NA,NA,"Rcpp",NA,"MIT + file LICENSE",NA,NA,NA,NA,"no","3.4.0"
"plotly","plotly","/Library/Frameworks/R.framework/Versions/3.4/Resources/library","4.7.1",NA,"R (>= 3.2.0), ggplot2 (>= 2.2.1)","tools, scales, httr, jsonlite, magrittr, digest, viridisLite,
base64enc, htmltools, htmlwidgets (>= 0.9), tidyr, hexbin,
RColorBrewer, dplyr, tibble, lazyeval (>= 0.2.0), crosstalk,
purrr, data.table",NA,"MASS, maps, ggthemes, GGally, testthat, knitr, devtools,
shiny (>= 0.14), curl, rmarkdown, Rserve, RSclient, Cairo,
broom, webshot, listviewer, dendextend, sf, RSelenium, png,
IRdisplay",NA,"MIT + file LICENSE",NA,NA,NA,NA,"no","3.4.1"
"plyr","plyr","/Library/Frameworks/R.framework/Versions/3.4/Resources/library","1.8.4",NA,"R (>= 3.1.0)","Rcpp (>= 0.11.0)","Rcpp","abind, testthat, tcltk, foreach, doParallel, itertools,
iterators, covr",NA,"MIT + file LICENSE",NA,NA,NA,NA,"yes","3.4.0"
"prettyunits","prettyunits","/Library/Frameworks/R.framework/Versions/3.4/Resources/library","1.0.2",NA,NA,"magrittr, assertthat, methods",NA,"testthat",NA,"MIT + file LICENSE",NA,NA,NA,NA,"no","3.4.0"
"processx","processx","/Library/Frameworks/R.framework/Versions/3.4/Resources/library","3.2.0",NA,NA,"assertthat, crayon, ps, R6, utils",NA,"callr, covr, debugme, parallel, testthat, withr",NA,"MIT + file LICENSE",NA,NA,NA,NA,"yes","3.4.4"
"progress","progress","/Library/Frameworks/R.framework/Versions/3.4/Resources/library","1.1.2",NA,NA,"prettyunits, R6",NA,"testthat",NA,"MIT + file LICENSE",NA,NA,NA,NA,"no","3.4.0"
"ps","ps","/Library/Frameworks/R.framework/Versions/3.4/Resources/library","1.1.0",NA,"R (>= 3.1)","utils",NA,"callr, covr, processx (>= 3.1.0), R6, rlang, testthat, tibble",NA,"BSD_3_clause + file LICENSE",NA,NA,NA,NA,"yes","3.4.4"
"purrr","purrr","/Library/Frameworks/R.framework/Versions/3.4/Resources/library","0.2.4",NA,"R (>= 3.1)","magrittr (>= 1.5), rlang (>= 0.1), tibble",NA,"covr, dplyr (>= 0.4.3), knitr, rmarkdown, testthat",NA,"GPL-3 | file LICENSE",NA,NA,NA,NA,"yes","3.4.2"
"quadprog","quadprog","/Library/Frameworks/R.framework/Versions/3.4/Resources/library","1.5-5",NA,"R (>= 2.15.0)",NA,NA,NA,NA,"GPL (>= 2)",NA,NA,NA,NA,"yes","3.4.0"
"R6","R6","/Library/Frameworks/R.framework/Versions/3.4/Resources/library","2.2.2",NA,"R (>= 3.0)",NA,NA,"knitr, microbenchmark, pryr, testthat, ggplot2, scales",NA,"MIT + file LICENSE",NA,NA,NA,NA,"no","3.4.0"
"RColorBrewer","RColorBrewer","/Library/Frameworks/R.framework/Versions/3.4/Resources/library","1.1-2",NA,"R (>= 2.0.0)",NA,NA,NA,NA,"Apache License 2.0",NA,NA,NA,NA,"no","3.4.0"
"Rcpp","Rcpp","/Library/Frameworks/R.framework/Versions/3.4/Resources/library","0.12.15",NA,"R (>= 3.0.0)","methods, utils",NA,"RUnit, inline, rbenchmark, knitr, rmarkdown, pinp, pkgKitten
(>= 0.1.2)",NA,"GPL (>= 2)",NA,NA,NA,NA,"yes","3.4.3"
"RCurl","RCurl","/Library/Frameworks/R.framework/Versions/3.4/Resources/library","1.95-4.10",NA,"R (>= 3.0.0), methods, bitops",NA,NA,"Rcompression, XML",NA,"BSD",NA,NA,NA,NA,"yes","3.4.3"
"readr","readr","/Library/Frameworks/R.framework/Versions/3.4/Resources/library","1.1.1",NA,"R (>= 3.0.2)","Rcpp (>= 0.12.0.5), tibble, hms, R6","Rcpp, BH","curl, testthat, knitr, rmarkdown, stringi, covr",NA,"GPL (>= 2) | file LICENSE",NA,NA,NA,NA,"yes","3.4.0"
"readxl","readxl","/Library/Frameworks/R.framework/Versions/3.4/Resources/library","1.1.0",NA,NA,"cellranger, Rcpp (>= 0.12.12), tibble (>= 1.1)","Rcpp","covr, knitr, rmarkdown, rprojroot (>= 1.1), testthat",NA,"GPL-3",NA,NA,NA,NA,"yes","3.4.4"
"rematch","rematch","/Library/Frameworks/R.framework/Versions/3.4/Resources/library","1.0.1",NA,NA,NA,NA,"covr, testthat",NA,"MIT + file LICENSE",NA,NA,NA,NA,"no","3.4.0"
"rematch2","rematch2","/Library/Frameworks/R.framework/Versions/3.4/Resources/library","2.0.1",NA,NA,"tibble",NA,"covr, testthat",NA,"MIT + file LICENSE",NA,NA,NA,NA,"no","3.4.1"
"reprex","reprex","/Library/Frameworks/R.framework/Versions/3.4/Resources/library","0.2.1",NA,"R (>= 3.1)","callr (>= 2.0.0), clipr (>= 0.4.0), fs, rlang, rmarkdown,
tools, utils, whisker, withr",NA,"covr, devtools, fortunes, knitr, miniUI, rprojroot,
rstudioapi, shiny, styler (>= 1.0.2), testthat (>= 2.0.0)",NA,"MIT + file LICENSE",NA,NA,NA,NA,"no","3.4.4"
"reshape","reshape","/Library/Frameworks/R.framework/Versions/3.4/Resources/library","0.8.7",NA,"R (>= 2.6.1)","plyr",NA,NA,NA,"MIT + file LICENSE",NA,NA,NA,NA,"yes","3.4.1"
"reshape2","reshape2","/Library/Frameworks/R.framework/Versions/3.4/Resources/library","1.4.3",NA,"R (>= 3.1)","plyr (>= 1.8.1), Rcpp, stringr","Rcpp","covr, lattice, testthat (>= 0.8.0)",NA,"MIT + file LICENSE",NA,NA,NA,NA,"yes","3.4.3"
"rhdf5","rhdf5","/Library/Frameworks/R.framework/Versions/3.4/Resources/library","2.22.0",NA,"methods","zlibbioc",NA,"bit64, BiocStyle, testthat",NA,"Artistic-2.0",NA,NA,NA,NA,"yes","3.4.2"
"Rhdf5lib","Rhdf5lib","/Library/Frameworks/R.framework/Versions/3.4/Resources/library","1.0.0",NA,NA,NA,NA,"BiocStyle, knitr, rmarkdown",NA,"Artistic-2.0",NA,NA,NA,NA,"yes","3.4.2"
"rJava","rJava","/Library/Frameworks/R.framework/Versions/3.4/Resources/library","0.9-9",NA,"R (>= 2.5.0), methods",NA,NA,NA,NA,"GPL-2",NA,NA,NA,NA,"yes","3.4.2"
"rjson","rjson","/Library/Frameworks/R.framework/Versions/3.4/Resources/library","0.2.15",NA,"R (>= 3.1.0)",NA,NA,NA,NA,"GPL-2",NA,NA,NA,NA,"yes","3.4.0"
"rlang","rlang","/Library/Frameworks/R.framework/Versions/3.4/Resources/library","0.2.0",NA,"R (>= 3.1.0)",NA,NA,"crayon, knitr, methods, pillar, rmarkdown (>= 0.2.65),
testthat, covr",NA,"GPL-3",NA,NA,NA,NA,"yes","3.4.3"
"rmarkdown","rmarkdown","/Library/Frameworks/R.framework/Versions/3.4/Resources/library","1.10",NA,"R (>= 3.0)","tools, utils, knitr (>= 1.18), yaml (>= 2.1.5), htmltools (>=
0.3.5), evaluate (>= 0.8), base64enc, jsonlite, rprojroot,
mime, tinytex (>= 0.3), methods, stringr (>= 1.2.0)",NA,"shiny (>= 0.11), tufte, testthat, digest, dygraphs, tibble",NA,"GPL-3",NA,NA,NA,NA,"no","3.4.4"
"rpart","rpart","/Library/Frameworks/R.framework/Versions/3.4/Resources/library","4.1-12","recommended","R (>= 2.15.0), graphics, stats, grDevices",NA,NA,"survival",NA,"GPL-2 | GPL-3",NA,NA,NA,NA,"yes","3.4.3"
"rprojroot","rprojroot","/Library/Frameworks/R.framework/Versions/3.4/Resources/library","1.3-2",NA,"R (>= 3.0.0)","backports",NA,"testthat, mockr, knitr, withr, rmarkdown",NA,"GPL-3",NA,NA,NA,NA,"no","3.4.3"
"RSQLite","RSQLite","/Library/Frameworks/R.framework/Versions/3.4/Resources/library","2.0",NA,"R (>= 3.1.0)","bit64, blob (>= 1.1), DBI (>= 0.4-9), memoise, methods,
pkgconfig, Rcpp (>= 0.12.7)","Rcpp, BH, plogr","DBItest, knitr, rmarkdown, testthat",NA,"LGPL (>= 2)",NA,NA,NA,NA,"yes","3.4.1"
"rstudioapi","rstudioapi","/Library/Frameworks/R.framework/Versions/3.4/Resources/library","0.8",NA,NA,NA,NA,"testthat, knitr, rmarkdown",NA,"MIT + file LICENSE",NA,NA,NA,NA,"no","3.4.4"
"rvcheck","rvcheck","/Library/Frameworks/R.framework/Versions/3.4/Resources/library","0.0.9",NA,"R (>= 3.3.0)","utils",NA,NA,NA,"Artistic-2.0",NA,NA,NA,NA,"no","3.4.1"
"rvest","rvest","/Library/Frameworks/R.framework/Versions/3.4/Resources/library","0.3.2",NA,"R (>= 3.0.1), xml2","httr (>= 0.5), selectr, magrittr",NA,"testthat, knitr, png, stringi (>= 0.3.1), rmarkdown, covr",NA,"GPL-3",NA,NA,NA,NA,"no","3.4.0"
"S4Vectors","S4Vectors","/Library/Frameworks/R.framework/Versions/3.4/Resources/library","0.16.0",NA,"R (>= 3.3.0), methods, utils, stats, stats4, BiocGenerics (>=
0.23.3)",NA,NA,"IRanges, GenomicRanges, Matrix, ShortRead, graph, data.table,
RUnit",NA,"Artistic-2.0",NA,NA,NA,NA,"yes","3.4.2"
"scales","scales","/Library/Frameworks/R.framework/Versions/3.4/Resources/library","0.5.0",NA,"R (>= 2.13)","RColorBrewer, dichromat, plyr, munsell (>= 0.2), labeling,
Rcpp, R6, viridisLite","Rcpp","testthat (>= 0.8), bit64, covr, hms",NA,"MIT + file LICENSE",NA,NA,NA,NA,"yes","3.4.1"
"scater","scater","/Library/Frameworks/R.framework/Versions/3.4/Resources/library","1.6.2",NA,"R (>= 3.4), Biobase, ggplot2, SingleCellExperiment,
SummarizedExperiment","biomaRt, BiocGenerics, data.table, dplyr, edgeR, ggbeeswarm,
grid, limma, Matrix, matrixStats, methods, parallel, plyr,
reshape2, rhdf5, rjson, S4Vectors, shiny, shinydashboard,
stats, tximport, utils, viridis, Rcpp","Rhdf5lib, Rcpp, beachmat","BiocStyle, beachmat, cowplot, cluster, destiny, knitr,
monocle, mvoutlier, rmarkdown, Rtsne, testthat, magrittr",NA,"GPL (>= 2)",NA,NA,NA,NA,"yes","3.4.3"
"selectr","selectr","/Library/Frameworks/R.framework/Versions/3.4/Resources/library","0.4-1",NA,"R (>= 3.0)","methods, stringr, R6",NA,"testthat, XML, xml2",NA,"BSD_3_clause + file LICENCE",NA,NA,NA,NA,"no","3.4.4"
"shape","shape","/Library/Frameworks/R.framework/Versions/3.4/Resources/library","1.4.4",NA,"R (>= 2.01)","stats, graphics, grDevices",NA,NA,NA,"GPL (>= 3)",NA,NA,NA,NA,"no","3.4.3"
"shiny","shiny","/Library/Frameworks/R.framework/Versions/3.4/Resources/library","1.0.5",NA,"R (>= 3.0.2), methods","utils, httpuv (>= 1.3.5), mime (>= 0.3), jsonlite (>= 0.9.16),
xtable, digest, htmltools (>= 0.3.5), R6 (>= 2.0), sourcetools,
tools",NA,"datasets, Cairo (>= 1.5-5), testthat, knitr (>= 1.6),
markdown, rmarkdown, ggplot2, magrittr",NA,"GPL-3 | file LICENSE",NA,NA,NA,NA,"no","3.4.1"
"shinydashboard","shinydashboard","/Library/Frameworks/R.framework/Versions/3.4/Resources/library","0.6.1",NA,"R (>= 3.0)","utils, shiny (>= 1.0.0), htmltools (>= 0.2.6)",NA,NA,NA,"GPL-2 | file LICENSE",NA,NA,NA,NA,"no","3.4.0"
"SingleCellExperiment","SingleCellExperiment","/Library/Frameworks/R.framework/Versions/3.4/Resources/library","1.0.0",NA,"R (>= 3.4), SummarizedExperiment","S4Vectors, methods, BiocGenerics, utils",NA,"testthat, BiocStyle, knitr, scRNAseq, magrittr, Rtsne",NA,"GPL-3",NA,NA,NA,NA,"no","3.4.2"
"slam","slam","/Library/Frameworks/R.framework/Versions/3.4/Resources/library","0.1-42",NA,"R (>= 3.4.0)","stats",NA,NA,"Matrix, SparseM, spam","GPL-2",NA,NA,NA,NA,"yes","3.4.3"
"sourcetools","sourcetools","/Library/Frameworks/R.framework/Versions/3.4/Resources/library","0.1.6",NA,"R (>= 3.0.2)",NA,NA,"testthat",NA,"MIT + file LICENSE",NA,NA,NA,NA,"yes","3.4.0"
"spatial","spatial","/Library/Frameworks/R.framework/Versions/3.4/Resources/library","7.3-11","recommended","R (>= 3.0.0), graphics, stats, utils",NA,NA,"MASS",NA,"GPL-2 | GPL-3",NA,NA,NA,NA,"yes","3.4.3"
"splines","splines","/Library/Frameworks/R.framework/Versions/3.4/Resources/library","3.4.3","base",NA,"graphics, stats",NA,"Matrix, methods",NA,"Part of R 3.4.3",NA,NA,NA,NA,"yes","3.4.3"
"stats","stats","/Library/Frameworks/R.framework/Versions/3.4/Resources/library","3.4.3","base",NA,"utils, grDevices, graphics",NA,"MASS, Matrix, SuppDists, methods, stats4",NA,"Part of R 3.4.3",NA,NA,NA,NA,"yes","3.4.3"
"stats4","stats4","/Library/Frameworks/R.framework/Versions/3.4/Resources/library","3.4.3","base",NA,"graphics, methods, stats",NA,NA,NA,"Part of R 3.4.3",NA,NA,NA,NA,NA,"3.4.3"
"stringdist","stringdist","/Library/Frameworks/R.framework/Versions/3.4/Resources/library","0.9.4.7",NA,"R (>= 2.15.3)","parallel",NA,"testthat",NA,"GPL-3",NA,NA,NA,NA,"yes","3.4.4"
"stringi","stringi","/Library/Frameworks/R.framework/Versions/3.4/Resources/library","1.1.6",NA,"R (>= 2.14)","tools, utils, stats",NA,NA,NA,"file LICENSE","yes",NA,NA,NA,"yes","3.4.2"
"stringr","stringr","/Library/Frameworks/R.framework/Versions/3.4/Resources/library","1.2.0",NA,"R (>= 2.14)","stringi (>= 0.4.1), magrittr",NA,"testthat, knitr, htmltools, htmlwidgets, rmarkdown, covr",NA,"GPL-2 | file LICENSE",NA,NA,NA,NA,"no","3.4.0"
"styler","styler","/Library/Frameworks/R.framework/Versions/3.4/Resources/library","1.0.2",NA,NA,"backports, cli, enc (>= 0.2), magrittr, purrr (>= 0.2.3),
rematch2, rlang, rprojroot, tibble (>= 1.4.2), withr",NA,"data.tree, dplyr, here, knitr, rmarkdown, rstudioapi,
testthat",NA,"GPL-3",NA,NA,NA,NA,"no","3.4.4"
"SummarizedExperiment","SummarizedExperiment","/Library/Frameworks/R.framework/Versions/3.4/Resources/library","1.8.1",NA,"R (>= 3.2), methods, GenomicRanges (>= 1.29.14), Biobase,
DelayedArray (>= 0.3.20)","utils, stats, tools, Matrix, BiocGenerics (>= 0.15.3),
S4Vectors (>= 0.13.13), IRanges (>= 2.11.17), GenomeInfoDb (>=
1.13.1)",NA,"annotate, AnnotationDbi, hgu95av2.db, GenomicFeatures,
TxDb.Hsapiens.UCSC.hg19.knownGene, BiocStyle, knitr, rmarkdown,
digest, jsonlite, rhdf5, HDF5Array (>= 1.5.8), airway, RUnit",NA,"Artistic-2.0",NA,NA,NA,NA,"no","3.4.3"
"survival","survival","/Library/Frameworks/R.framework/Versions/3.4/Resources/library","2.41-3","recommended","R (>= 2.13.0)","graphics, Matrix, methods, splines, stats, utils",NA,NA,NA,"LGPL (>= 2)",NA,NA,NA,NA,"yes","3.4.3"
"tcltk","tcltk","/Library/Frameworks/R.framework/Versions/3.4/Resources/library","3.4.3","base",NA,"utils",NA,NA,NA,"Part of R 3.4.3",NA,NA,NA,NA,"yes","3.4.3"
"tibble","tibble","/Library/Frameworks/R.framework/Versions/3.4/Resources/library","1.4.2",NA,"R (>= 3.1.0)","cli, crayon, methods, pillar (>= 1.1.0), rlang, utils",NA,"covr, dplyr, import, knitr (>= 1.5.32), microbenchmark,
mockr, nycflights13, rmarkdown, testthat, withr",NA,"MIT + file LICENSE",NA,NA,NA,NA,"yes","3.4.3"
"tidyr","tidyr","/Library/Frameworks/R.framework/Versions/3.4/Resources/library","0.8.0",NA,"R (>= 3.2)","dplyr (>= 0.7.0), glue, magrittr, purrr, Rcpp, rlang, stringi,
tibble, tidyselect","Rcpp","covr, gapminder, knitr, rmarkdown, testthat",NA,"MIT + file LICENSE",NA,NA,NA,NA,"yes","3.4.3"
"tidyselect","tidyselect","/Library/Frameworks/R.framework/Versions/3.4/Resources/library","0.2.4",NA,"R (>= 3.1)","glue, purrr, rlang (>= 0.2.0), Rcpp (>= 0.12.0)","Rcpp (>= 0.12.0),","covr, dplyr, testthat",NA,"GPL-3",NA,NA,NA,NA,"yes","3.4.3"
"tidyverse","tidyverse","/Library/Frameworks/R.framework/Versions/3.4/Resources/library","1.2.1",NA,NA,"broom (>= 0.4.2), cli (>= 1.0.0), crayon (>= 1.3.4), dplyr (>=
0.7.4), dbplyr (>= 1.1.0), forcats (>= 0.2.0), ggplot2 (>=
2.2.1), haven (>= 1.1.0), hms (>= 0.3), httr (>= 1.3.1),
jsonlite (>= 1.5), lubridate (>= 1.7.1), magrittr (>= 1.5),
modelr (>= 0.1.1), purrr (>= 0.2.4), readr (>= 1.1.1), readxl
(>= 1.0.0), reprex (>= 0.1.1), rlang (>= 0.1.4), rstudioapi (>=
0.7), rvest (>= 0.3.2), stringr (>= 1.2.0), tibble (>= 1.3.4),
tidyr (>= 0.7.2), xml2 (>= 1.1.1)",NA,"feather (>= 0.3.1), knitr (>= 1.17), rmarkdown (>= 1.7.4)",NA,"GPL-3 | file LICENSE",NA,NA,NA,NA,"no","3.4.2"
"tinytex","tinytex","/Library/Frameworks/R.framework/Versions/3.4/Resources/library","0.8",NA,NA,"xfun (>= 0.3)",NA,"testit, rstudioapi",NA,"MIT + file LICENSE",NA,NA,NA,NA,"no","3.4.4"
"tools","tools","/Library/Frameworks/R.framework/Versions/3.4/Resources/library","3.4.3","base",NA,NA,NA,"codetools, methods, xml2, curl",NA,"Part of R 3.4.3",NA,NA,NA,NA,"yes","3.4.3"
"treeio","treeio","/Library/Frameworks/R.framework/Versions/3.4/Resources/library","1.2.2",NA,"R (>= 3.3.2)","ape, ggplot2, jsonlite, magrittr, methods, rvcheck",NA,"Biostrings, ggtree (>= 1.7.5), knitr, prettydoc, testthat",NA,"Artistic-2.0",NA,NA,NA,NA,"no","3.4.3"
"tximport","tximport","/Library/Frameworks/R.framework/Versions/3.4/Resources/library","1.6.0",NA,NA,"utils",NA,"knitr, rmarkdown, testthat, tximportData,
TxDb.Hsapiens.UCSC.hg19.knownGene, readr (>= 0.2.2), limma,
edgeR, DESeq2 (>= 1.11.6), rhdf5, rjson",NA,"GPL (>=2)",NA,NA,NA,NA,"no","3.4.2"
"UpSetR","UpSetR","/Library/Frameworks/R.framework/Versions/3.4/Resources/library","1.3.3",NA,"R (>= 3.0)","ggplot2, gridExtra, plyr, utils, stats, methods, grDevices,
scales",NA,"knitr",NA,"MIT + file LICENSE",NA,NA,NA,NA,"no","3.4.0"
"usethis","usethis","/Library/Frameworks/R.framework/Versions/3.4/Resources/library","1.4.0",NA,"R (>= 3.1)","clipr (>= 0.3.0), clisymbols, crayon, curl (>= 2.7), desc, fs
(>= 1.2.0), gh, git2r (>= 0.23), glue, rlang, rprojroot (>=
1.2), rstudioapi, utils, whisker",NA,"covr, knitr, magick, rmarkdown, roxygen2, spelling (>= 1.2),
styler (>= 1.0.2), testthat (>= 2.0.0), withr",NA,"GPL-3",NA,NA,NA,NA,"no","3.4.4"
"utf8","utf8","/Library/Frameworks/R.framework/Versions/3.4/Resources/library","1.1.3",NA,"R (>= 2.10)",NA,NA,"corpus, knitr, rmarkdown, testthat",NA,"Apache License (== 2.0) | file LICENSE",NA,NA,NA,NA,"yes","3.4.3"
"utils","utils","/Library/Frameworks/R.framework/Versions/3.4/Resources/library","3.4.3","base",NA,NA,NA,"methods, XML",NA,"Part of R 3.4.3",NA,NA,NA,NA,"yes","3.4.3"
"VennDiagram","VennDiagram","/Library/Frameworks/R.framework/Versions/3.4/Resources/library","1.6.20",NA,"R (>= 2.14.1), grid (>= 2.14.1), futile.logger",NA,NA,"testthat",NA,"GPL-2",NA,NA,NA,NA,"no","3.4.4"
"vipor","vipor","/Library/Frameworks/R.framework/Versions/3.4/Resources/library","0.4.5",NA,"R (>= 3.0.0)","stats, graphics",NA,"testthat, beeswarm, lattice, ggplot2, beanplot, vioplot,
ggbeeswarm,",NA,"GPL (>= 2)",NA,NA,NA,NA,"no","3.4.0"
"viridis","viridis","/Library/Frameworks/R.framework/Versions/3.4/Resources/library","0.5.0",NA,"R (>= 2.10), viridisLite (>= 0.2.0)","stats, ggplot2 (>= 1.0.1), gridExtra",NA,"hexbin (>= 1.27.0), scales, MASS, knitr, dichromat,
colorspace, rasterVis, httr, mapproj, vdiffr, svglite (>=
1.2.0), testthat, covr, rmarkdown, rgdal",NA,"MIT + file LICENSE",NA,NA,NA,NA,"no","3.4.3"
"viridisLite","viridisLite","/Library/Frameworks/R.framework/Versions/3.4/Resources/library","0.3.0",NA,"R (>= 2.10)",NA,NA,"hexbin (>= 1.27.0), ggplot2 (>= 1.0.1), testthat, covr",NA,"MIT + file LICENSE",NA,NA,NA,NA,"no","3.4.3"
"whisker","whisker","/Library/Frameworks/R.framework/Versions/3.4/Resources/library","0.3-2",NA,NA,NA,NA,"markdown",NA,"GPL-3",NA,NA,NA,NA,"no","3.4.0"
"withr","withr","/Library/Frameworks/R.framework/Versions/3.4/Resources/library","2.1.2",NA,"R (>= 3.0.2)","stats, graphics, grDevices",NA,"testthat, covr, lattice, DBI, RSQLite, methods, knitr,
rmarkdown",NA,"GPL (>= 2)",NA,NA,NA,NA,"no","3.4.4"
"wordcloud","wordcloud","/Library/Frameworks/R.framework/Versions/3.4/Resources/library","2.5",NA,"methods, RColorBrewer","slam, Rcpp (>= 0.9.4)","Rcpp","tm (>= 0.6)",NA,"LGPL-2.1",NA,NA,NA,NA,"yes","3.4.0"
"xfun","xfun","/Library/Frameworks/R.framework/Versions/3.4/Resources/library","0.3",NA,NA,"tools",NA,"testit, parallel, rstudioapi, tinytex, mime, markdown, knitr,
rmarkdown",NA,"MIT + file LICENSE",NA,NA,NA,NA,"no","3.4.4"
"XLConnect","XLConnect","/Library/Frameworks/R.framework/Versions/3.4/Resources/library","0.2-14",NA,"R (>= 2.10.0), XLConnectJars (== 0.2-14)","methods, rJava",NA,"RUnit, lattice, ggplot2 (>= 0.9.3), zoo",NA,"GPL-3",NA,NA,NA,NA,"no","3.4.3"
"XLConnectJars","XLConnectJars","/Library/Frameworks/R.framework/Versions/3.4/Resources/library","0.2-14",NA,NA,"rJava",NA,NA,NA,"GPL-3",NA,NA,NA,NA,"no","3.4.3"
"xlsx","xlsx","/Library/Frameworks/R.framework/Versions/3.4/Resources/library","0.6.1",NA,NA,"rJava, xlsxjars, grDevices, utils",NA,NA,NA,"GPL-3",NA,NA,NA,NA,"no","3.4.4"
"xlsxjars","xlsxjars","/Library/Frameworks/R.framework/Versions/3.4/Resources/library","0.6.1",NA,"rJava",NA,NA,NA,NA,"GPL-3",NA,NA,NA,NA,"no","3.4.0"
"XML","XML","/Library/Frameworks/R.framework/Versions/3.4/Resources/library","3.98-1.9",NA,"R (>= 2.13.0), methods, utils",NA,NA,"bitops, RCurl",NA,"BSD_2_clause + file LICENSE",NA,NA,NA,NA,"yes","3.4.1"
"xml2","xml2","/Library/Frameworks/R.framework/Versions/3.4/Resources/library","1.2.0",NA,"R (>= 3.1.0)","Rcpp","Rcpp (>= 0.12.12)","testthat, curl, covr, knitr, rmarkdown, magrittr, httr",NA,"GPL (>= 2)",NA,NA,NA,NA,"yes","3.4.3"
"xtable","xtable","/Library/Frameworks/R.framework/Versions/3.4/Resources/library","1.8-2",NA,"R (>= 2.10.0)","stats, utils",NA,"knitr, lsmeans, spdep, splm, sphet, plm, zoo, survival",NA,"GPL (>= 2)",NA,NA,NA,NA,"no","3.4.0"
"XVector","XVector","/Library/Frameworks/R.framework/Versions/3.4/Resources/library","0.18.0",NA,"R (>= 2.8.0), methods, BiocGenerics (>= 0.19.2), S4Vectors (>=
0.15.14), IRanges (>= 2.9.18)","methods, zlibbioc, BiocGenerics, S4Vectors, IRanges","S4Vectors, IRanges","Biostrings, drosophila2probe, RUnit",NA,"Artistic-2.0",NA,NA,NA,NA,"yes","3.4.2"
"yaml","yaml","/Library/Frameworks/R.framework/Versions/3.4/Resources/library","2.1.18",NA,NA,NA,NA,"testthat",NA,"BSD_3_clause + file LICENSE",NA,NA,NA,NA,"yes","3.4.4"
"zlibbioc","zlibbioc","/Library/Frameworks/R.framework/Versions/3.4/Resources/library","1.24.0",NA,NA,NA,NA,NA,NA,"Artistic-2.0 + file LICENSE",NA,NA,NA,NA,"yes","3.4.2"
